,VD-Nummer,Verfasser,Titel,Erscheinungsort,Erscheinungsjahr,Sprache,Fingerprint,Einrichtung
0,12:186417T,"Stübel, Johann Jacob","M. Johannis Jacobi Stübelii, Rectoris Annaemontani Dissertatio Historica De Vita Hodierni Regis Hispaniarum Indiarumque Caroli II.",[Annaberg],1699,lat,"1.t. r,i- æ-l- voe- C 1699A",DE-14
1,12:133391Q,"Lyncker, Nicolaus Christoph von",De Forma Sive Statu S.R. Imperii,Ienae,1699,lat,"æ:e. l-e, l-e; lece 3 1699A","DE-7, DE-7, DE-7, DE-3, DE-35, DE-14, DE-15"
2,3:007451Z,"Limnäus, Johannes","Tomus ... Iuris Publici Imperii Romano-Germanici,",Argentorati,1699,lat,e.e- i-oc i.7. secu C 1699R 1,DE-1a
3,3:006473Y,"Limnäus, Johannes","Tomus ... Iuris Publici Imperii Romano-Germanici,",Argentorati,1699,lat,e.e- i-oc i.7. secu C 1699R 1,"DE-1a, DE-547, DE-23, DE-23, DE-3, DE-3, DE-15"
4,32:698599P,"Pufendorf, Samuel von",Severini de Monzambano Veronensis De Statu Imperii Germanici ad Laelium Fratrem Dominum Trezolani Liber Unus,Halae Magdeburgicae,1695,lat,o-l- a-a- s.ur b)su 3 1695A,DE-32
5,23:304697A,"Pufendorf, Samuel von",Severini de Monzambano Veronensis De Statu Imperii Germanici ad Laelium Fratrem Dominum Trezolani Liber Unus,Halae Magdeburgicae,1695,lat,o-l- a-a- s.ur b)su 3 1695A,"DE-7, DE-23, DE-23, DE-3, DE-3, DE-14, DE-15"
6,12:138306R,"Sibrand, Joachim Heinrich","Jehova Hoc Secundante! & Gratioso Amplissimae Facultatis Iuridicae indultu, ac consensu benevolo, Dissertationem Iuris Publici, Varias Auctorum Sententias, De Statu Seu Forma S.R. Imperii Exhibentem, In Auditorio Maiori d. VIII May, Anno MDCXCV. publicae Eruditorum censurae subiiciet, Praeses Joachimus Henricus Sibrand, Rostochiensis, U.I. Doctorandus. Respondente Hans Albrecht Gutzmer/ Rostochiens.",Rostochi[i],1695,lat,i-a- o-sa adnt grse 3 1695R,"DE-7, DE-7, DE-28, DE-28, DE-3, DE-3, DE-14"
7,15:743620U,"Hagen, Karl von",Collegium Juris Publici ad Georgii Brautlachs Epitomen Jurisprudentiæ Publicæ,Francofurti et Lipsiae,1694,"lat, ger",i-m- onli s.c. hawe 3 1694A,DE-15
8,1:019133X,"Kulpis, Johann Georg von","Jo. Georgii Kulpis, IC. In Sev. de Monzambano, De Statu Imperii Germanici Librum Commentationes Academicae","Stutgardiae, Stutgardiae",[ca. 1688],"lat, ger",O.U- ren- amm- xiin 3,"DE-1a, DE-23, DE-32"
9,39:154397W,"Kulpis, Johann Georg von","Jo. Georgii Kulpis, IC. In Sev. de Monzambano, De Statu Imperii Germanici Librum Commentationes Academicae","Stutgardiae, Stutgardiae",[ca. 1688],"lat, ger",O.I. tæm- amm- xiin 3,"DE-547, DE-3, DE-14, DE-B791"
10,547:696021W,"Lyncker, Nicolaus Christoph von",De Forma Sive Statu S.R. Imperii,Ienae,1686,lat,"æ:e. l-e, l-e; lece 3 1686R",DE-547
11,1:003381W,"Lyncker, Nicolaus Christoph von",De Forma Sive Statu S.R. Imperii,Ienae,1686,lat,"æ:e. l-e, l-e; lece 3 1686R","DE-1a, DE-1a, DE-27, DE-7, DE-7, DE-32, DE-32, DE-28, DE-3"
12,12:130434R,"Itter, Johann Christian","Jo. Christiani Itteri, Moeno-Francofurtensis, De Honoribus Sive Gradibus Academicis, Liber","Francofurti, Francofurti",1685,lat,"O.n, n-i- ext, thde 3 1685R",DE-Ef27
13,1:020546N,"Pufendorf, Samuel von","Severini De Monzambano Veronensis, De Statu Imperii Germanici, Ad Laelium Fratrem, Dominum Trezolani, Liber Unus",[S.l.],1684 [erschienen] 1685,lat,bium a-s- umam muve 3 1684R,"DE-1a, DE-23, DE-23, DE-32, DE-3, DE-B791"
14,3:003306G,"Pufendorf, Samuel von","Severini De Monzambano Veronensis, De Statu Imperii Germanici, Ad Laelium Fratrem, Dominum Trezolani, Liber Unus",[S.l.],1684 [erschienen] 1685,lat,"bium i-e, umam muve 3 1684R","DE-1a, DE-1a, DE-3, DE-14"
15,1:019449R,"Sinold von Schütz, Justus","Collegii Publici De Statu Rei Romanae, Volumen ...","Francofurti ad Moenum, [Leipzig]",1683,lat,O.N- asad i-en rese 3 1683R 2,"DE-1a, DE-7, DE-23, DE-32, DE-14, DE-B791"
16,1:019447A,"Sinold von Schütz, Justus",Collegium Publicum De Statu Rei Romanae,"Francofurti ad Moenum, [Leipzig]",1683,lat,O.c. umo- t.li fuba 3 1683R 1,"DE-1a, DE-7, DE-23, DE-3, DE-14, DE-B791"
17,23:686483U,"Pufendorf, Samuel von","Dominus De Monzambano Illustratus & Restrictus. Sive Severini De Monzambano Veronensis. De Statu Imperii Germanici Ad Laelium Fratrem, Dominum Trezolani. Liber unus",[S.l.],1682,lat,s.DE adum nou- bele 3 1682Q,"DE-23, DE-35, DE-15"
18,32:682290Z,"Sinold von Schütz, Justus",Collegium Publicum De Statu Rei Romanae,"Francofurti ad Moenum, [Leipzig]",1682,lat,O.c. umo- t.li fuba 3 1682R 1,DE-32
19,32:679889W,"Sinold von Schütz, Justus","Collegii Publici De Statu Rei Romanae, Volumen ...","Francofurti ad Moenum, Lips.",1682,lat,O.N- asad i-en rese 3 1682R 2,DE-32
20,1:019359S,"Sinold von Schütz, Justus","Collegii Publici De Statu Rei Romanae, Volumen ...","Francofurti ad Moenum, [Leipzig]",1682,lat,O.N- asad i-en rese 3 1682R 2,"DE-1a, DE-27, DE-547, DE-23, DE-3, DE-3, DE-15"
21,1:019357B,"Sinold von Schütz, Justus",Collegium Publicum De Statu Rei Romanae,"Francofurti ad Moenum, [Leipzig]",1682,lat,O.c. umo- t.li fuba 3 1682R 1,"DE-1a, DE-27, DE-547, DE-23, DE-32, DE-3, DE-3, DE-3, DE-15"
22,1:008963C,"Hagemeier, Joachim","Joach. Hagemeieri Iuris Publici Europaei De Statu Regni Poloniae Et Imperii Moscovitici Epistola VIII. Ad Illustrissimum Dominum Anthonium, Comitem Aldenburgensem",Francofurti Ad Moenum,1680,lat,mon- t.am erue tiru 3 1680R,"DE-1a, DE-1a, DE-547, DE-7, DE-23, DE-35, DE-14, DE-14"
23,1:678111X,"Rhetz, Johann",Disputationes Iuris Publici Undecim De Statuis Rolandinis,Francofurti Ad Viadrum,1678,lat,h.US c.t. o-o- trno 3 1678R,DE-1a
24,3:622404N,"Rhetz, Johann",Disputationes Iuris Publici Undecim De Statuis Rolandinis,Francofurti Ad Viadrum,1678,lat,h.US c.t. o-o- trno 3 1678R,DE-3
25,1:018267Y,"Rhetz, Johann",Disputationes Iuris Publici Undecim De Statuis Rolandinis,Francofurti Ad Viadrum,1678,lat,"h.S, c.t. o-o- trno 3 1678R","DE-1a, DE-547, DE-7, DE-23, DE-23, DE-32, DE-3, DE-3, DE-14, DE-B791"
26,12:195579B,"Hagemeier, Joachim","Joachimi Hagemeieri De Statu Imperii Germanici Epistola, Ad Illustrißimum Dominum Simonem Henricum, Lippiae Comitem",Francofurti Ad Moenum,1678,lat,s-o- abi- esiæ Viqu 3 1678R,"DE-1a, DE-7, DE-23, DE-32, DE-35, DE-14, DE-14"
27,1:009182U,"Hagemeier, Joachim","Joachimi Hagemeieri Iuris Publici Europaei De Statu Imperii Germanici Epistola IV. Ad Illustrißimum Dominum Simonem Henricum, Lippiae Comitem",Francofurti Ad Moenum,1678,lat,s-o- abi- esiæ Viqu 3 1678R,"DE-1a, DE-547, DE-7"
28,75:704752A,"Gastel, Christian",Christiani Gastelii I.U. Doctoris De Statu Publico Europae Novissimo Tractatus,"Noribergae, Noribergae",1675,lat,"c:I- s.s, o.o. SlTu 3 1675R","DE-18, DE-15"
29,1:034344G,"Gastel, Christian",Christiani Gastelii I.U. Doctoris De Statu Publico Europae Novissimo Tractatus,"Noribergae, Noribergae",1675,"lat, ger","c:I- s.s, o.o. SlTu 3 1675R","DE-1a, DE-547, DE-547, DE-7, DE-23, DE-23, DE-32, DE-32, DE-3, DE-35, DE-14"
30,1:018247L,N.N.,Exercitationum Variarum Iuris Publici Romano-Germanici Volumen Novum,"[Görlitz], Francofurti, Lipsiae, [Rudolstadt]",1675,lat,O.AC usar uss. XXin 3 1675R,"DE-1a, DE-27, DE-547, DE-23, DE-23, DE-3, DE-14, DE-15"
31,27:723161U,"Fritsch, Ahasver","Exercitationum Variarum Iuris Publici, Romano-Germanici Volumen Novum",Rudelstadii,1674,lat,O.AC usar uss. XXin 3 1674R,DE-27
32,1:019090H,"Pisecki, Adam",Tractatus Aureus Iuridico-Politicus De Statu Seculari,Dresdae,1673 [erschienen] 1674,lat,o.a- a-n- invæ pone 3 1673R,"DE-1a, DE-18, DE-7, DE-23, DE-23, DE-14"
33,31:749222P,N.N.,Nachdenckliches Gespräch welches Auff den ietzigen Verwirten Zustand im Heil. Römischen Reich absonderlich aber auff dessen Freyheit gerichtet,[Freiberg?]],[1673?],ger,str- eshs itmt r-es C,DE-31
34,23:664849V,N.N.,Nachdenckliches Gespräch: welches auff den itzigen Verwirrten Zustand Im Heil. Römischen Reich/ absonderlich aber Auff dessen Freyheit gerichtet,[S.l.],[ca. 1673],ger,neum erus amra vesi C,"DE-7, DE-23"
35,14:008290M,N.N.,Iudicium & Colloquium Non Sine Iudicio De Statu Imperii Rom. Germ. Hodierno. Ein sehr nachdenckliches Gespräch/ welches auff den gegenwärtigen leider jetzo Verwirrten Zustand im Heil. Röm. Reiche ... gerichtet,[S.l.],1673,ger,n.nd chfe n.e- chch C 1673R,DE-14
36,14:008284L,N.N.,Iudicium Et Colloquium Non Sine Iudicio De Statu Imperii Rom. Germ. Hodierno. Ein sehr nachdenckliches Gespräch/ welches auff den gegenwärtigen leider jetzo Verwirrten Zustand im Heil. Röm. Reiche/ und zwar absonderlich auff dessen höchst wieder Verlangende Freyheit gerichtet,[S.l.],1673,ger,m-r- eshs itpt r-es C 1673R,"DE-547, DE-547, DE-32, DE-14"
37,3:307027L,N.N.,Iudicium Et Colloquium Non Sine Iudicio De Statu Imperii Rom. Germ. Hodierno. Ein sehr nachdenckliches Gespräch/ welches auff den gegenwärtigen leider jetzo Verwirrten Zustand im Heil. Röm. Reiche/ und zwar absonderlich auff dessen höchst wieder Verlangende Freyheit gerichtet,[S.l.],1673,ger,t-i- emes e-to r-nd C 1673R,"DE-32, DE-3"
38,23:247909X,"Binn, Heinrich","De Statu Regionum Germaniae, Et Regimine Principum Summae Imperii Reip. Aemulo, Nec Non De Usu Autoritate Iuris Civilis Privati, Quam In Hac Parte Iuris Publici Obtinet  Disputatio Inauguralis",Helmestadii,1672,lat,t.i- r-i- e-um nida C 1672R,"DE-1a, DE-7, DE-23, DE-23, DE-32, DE-3, DE-16"
39,27:735139X,"Forstner, Christoph von","Clarissimi Viri Christophori Forstneri, Epistolae, Negotium Pacis Osnabrugo Monasteriensis concernentes",Montpelgardi,1671,lat,"s,e- osn- n-i- sune 3 1671R","DE-27, DE-15"
40,32:681274N,"Pufendorf, Samuel von","Dominus De Monzambano Illustratus & Restrictus. Sive Severini De Monzambano Veronensis. De Statu Imperii Germanici Ad Laelium Fratrem, Dominum Trezolani. Liber unus",[S.l.],[ca. 1671],lat,s.DE adum nou- bele 3,DE-32
41,1:085387B,"Forstner, Christoph von","Clarissimi Viri Christophori Forstneri, Epistolae, Negotium Pacis Osnabrugo Monasteriensis, concernentes",Montpelgardi,1671,lat,"s,e- osn- n-i- sune 3 1671R",DE-1a
42,23:281826U,"Pufendorf, Samuel von","Dominus De Monzambano Illustratus & Restrictus. Sive Severini De Monzambano Veronensis. De Statu Imperii Germanici Ad Laelium Fratrem, Dominum Trezolani. Liber unus",[S.l.],1671,lat,s.DE adum nou- bele 3 1671Q,"DE-547, DE-23, DE-23, DE-3, DE-3, DE-14"
43,1:018236W,N.N.,"Exercitationum Variarum Iuris Publici, Pars ...","Numburgi, Rudolstadii",1670,lat,c.TÆ 90a- i-sa titu 3 1670R 3,"DE-1a, DE-27, DE-27, DE-27, DE-27, DE-7, DE-23, DE-23, DE-32, DE-3, DE-3, DE-14"
44,23:293861U,"Forstner, Christoph von","Clarissimi Viri Christophori Forstneri, Epistolae, Negotium Pacis Osnabrugo Monasteriensis con cernentes",Montpelgardi,1670,lat,e-te osn- i-b. sune 3 1670R,"DE-23, DE-23"
45,1:085859Z,"Forstner, Christoph von","Clarissimi Viri Christophori Forstneri, Epistolae, Negotium Pacis Osnabrugo Monasteriensis concernentes",Montpelgardi,1670,lat,e-te osn- i-b. sune 3 1670R,"DE-1a, DE-7, DE-23, DE-32, DE-32, DE-3, DE-14, DE-15"
46,1:070363H,"Germanus, Veridicus","Veridici Germani Threni Super Germaniae, & Imperii Romani, periculoso statu",[S.l.],[ca. 1670],lat,a.r- reum uso- C.e. C,"DE-1a, DE-547, DE-547"
47,23:298742E,"Forstner, Christoph von","Claris. Vir;. Christ. Forstneri Epistola sive Iudicium, De Moderno Imperii Statu",Freistadii,1670,lat,usE- i-e- ijs- ctri 3 1670A,"DE-1a, DE-27, DE-547, DE-7, DE-23, DE-23, DE-23, DE-3, DE-14, DE-14"
48,1:085390E,"Forstner, Christoph von","Clariss. Viri Christophori Forstneri Epistola sive Iudicium, De Moderno Imperii Statu",[S.l.],1670,lat,"m,is e,is essi mnte 3 1670A","DE-1a, DE-15"
49,12:194725V,N.N.,Somnium De Statu Imperii Romano Germanici,[S.l.],[ca. 1670],lat,"uaam atr, itgo s,s? C","DE-23, DE-32, DE-15"
50,1:018119A,N.N.,Nucleus Discursuum Hactenus In Iure Publico Editorum,Francofurti Ad Moenum,1669,lat,",&i- n-.& r.o- cost 3 1669R","DE-1a, DE-7, DE-23, DE-3, DE-3"
51,1:019715G,"Rosenfeld, Johann Wolfgang",Jo. V.V. Relfendso Heromontanus De Summa Principum Germanicorum Potestate,[S.l.],1669,lat,o-on isn- emet bupr 3 1669R,"DE-1a, DE-1a, DE-547, DE-7, DE-7, DE-7, DE-23, DE-23, DE-32, DE-3, DE-3, DE-14, DE-14, DE-15"
52,12:198696L,"Rosenfeld, Johann Wolfgang",Jo.V.V. Relfendso Heromontanus De Summa Principum Germanicorum Potestate,[S.l.],1669,lat,n-as u-2. a-r- ct&H 3 1669R,"DE-18, DE-23, DE-15"
53,3:307806H,"Pufendorf, Samuel von","Dominus De Monzambano Illustratus & Restrictus: Sive: Severini De Monzambano Veronensis De Statu Imperii Germanici Ad Laelium Fratrem, Dominum Trezolani. Liber unus",Utopiae,1669,lat,"s.DE t,i- nou- bele 3 1669A","DE-547, DE-23, DE-3, DE-14, DE-14"
54,39:150809N,"Pufendorf, Samuel von","Severin von Monzambano eines Veronesers ungescheuter offenherziger Discurs, oder Gründlicher Bericht Von der wahren Beschaffenheit und Zustand Des Teutschen Reichs",[S.l.],1669,ger,ene- ufnd iea- Anni 3 1669R,"DE-547, DE-23, DE-32, DE-3"
55,14:669979S,"Pufendorf, Samuel von","Severini De Monzambano Veronensis, De Statu Imperii Germanici Ad Laelium Fratrem, Dominum Trezolani, Liber Unus",Eleutheropoli,1668,lat,t.n- s.n- -*n- nocu 3 1668R,DE-14
56,1:665689Q,"Pufendorf, Samuel von","Severini De Monzambano Veronensis, De Statu Imperii Germanici Ad Laelium Fratrem, Dominum Trezolani, Liber Unus",Eleutheropoli,1668,lat,t.n- s.n- -*n- nocu 3 1668R,"DE-1a, DE-18, DE-7"
57,23:304624G,"Pufendorf, Samuel von","Dominus De Monzambano Illustratus & Restrictus; Sive: Severini De Monzambano Veronensis De Statu Imperii Germanici Ad Laelium Fratrem, Dominum Trezolani. Liber Unus",Utopiae,1668,lat,"s.DE t,i- nou- bele 3 1668A","DE-1a, DE-18, DE-23, DE-3, DE-3, DE-B791"
58,1:041292K,"Oldenburger, Philipp Andreas","Dn. De Monzambano Illustratus & Restrictus; Sive: Sever. de Monzambano Veron. De Statu Imperii Germanici Ad Laelium Fratrem, Dn. Trezolani. Liber Unus",Utopiae,1668,lat,s.DE e;em ijt- rama 3 1668A,"DE-1a, DE-1a, DE-1a, DE-18, DE-7, DE-23, DE-3, DE-3, DE-14, DE-15"
59,1:019283L,"Teuteburg, Christian von","Christiani A Teuteburg, Nobilis Franci, Solida Ac Necessaria Disquisitio, De Forma Imperii Romano-Germanici",[S.l.],1668,lat,a-r- 2.on e-e; 1.vi 3 1668R,"DE-1a, DE-18, DE-8, DE-547, DE-14, DE-B791"
60,75:756357S,N.N.,"Refutatio Severini De Monzambano Veronensis, De Statu Imperii Germanici",[Erscheinungsort nicht ermittelbar],Anno MDCLXVII.,lat,i-æ- n-te o-x- ruqu 3 1667R,N.N.
61,1:668379E,"Pufendorf, Samuel von","Severini De Monzambano Veronensis, De Statu Imperii Germanici Ad Laelium Fratrem, Dominum Trezolani, Liber Unus",Veronae [i.e. Berolini],1667,lat,emr- i-fe o-io qusi 3 1667R,DE-1a
62,14:638969W,"Pufendorf, Samuel von",Bericht Vom Zustande des Teutschen Reichs,[S.l.],1667,ger,n-nd ine- heen deli 3 1667A,DE-14
63,12:637518E,N.N.,"Refutatio Severini De Monzambano Veronensis, De Statu Imperii Germanici",[S.l.],[1667],lat,i-æ- n-te o-x- ruqu 3,N.N.
64,1:019155A,"Zeller, Johann Ulrich","Disquisitio De Sacri Imperii Romano-Germanici Forma & Statu, Adversus Severinum De Monzambano",Stuttgardiae,1667,lat,"o;is s.r, r-o- qudi 3 1667R","DE-1a, DE-27, DE-23"
65,12:147128G,"Friese, Bernhard",Bernhardi Frisii Lubecensis Dissertatio De Imperii Magnae Britanniae Hodierno Statu,"Wittebergae, Wittebergae",1667,lat,"o-t, t.or umn- Orli C 1667A",N.N.
66,3:017296F,"Sprenger, Johann Theodor",Joh. Theod. Sprengeri Opuscula Iuris Publici Selectissima Quatuor,[S.l.],1666 [erschienen] 1667,"lat, ger",iser ria- esi- dict 3 1666R,"DE-1a, DE-1a, DE-1a, DE-1a, DE-18, DE-547, DE-7, DE-7, DE-23, DE-23, DE-23, DE-23, DE-3, DE-3, DE-3, DE-14"
67,12:139895Y,"Siegfried, Caspar Esaias",Discursum Politicum De Formis Rerum-Publicarum Praeprimis Statu Imperii Romano-Germanici Sub Praesidio M. Casparis Esaiae Siegfriedts ... Publice In Illustri Augusteo Die X. Maii A.O.R. MDCLXVII. Defendet Johann. Fried. a Schagen/ Eques Oldenburgicus,Leucopetrae,1667,lat,"amt, ern- tel- rere C 1667R","DE-3, DE-3, DE-14"
68,17:748334M,"Sprenger, Johann Theodor","J. Theod. Sprengeri Ellychnia Accensa Ad Melivs Lvmen Suæ Lucernæ De Moderno S. R. Imperii Statu, Cum prænotatis paginis, ad quas annotata apte referuntur", Francofurti,MDCLXVI.,"lat, ita","a.in isr- n,en qume 3 1666R",N.N.
69,1:018387S,"Sprenger, Johann Theodor",J. Theod. Sprengeri Ellychnia,Francofurti,1666,lat,"a.in isr- n,en qume 3 1666R",DE-1a
70,1:018385B,"Sprenger, Johann Theodor",J. Theod. Sprengeri Ellychnia,Francofurti,1666,lat,"a.in isr- n,en qume 3 1666R","DE-1a, DE-15"
71,7:690989U,"Roth, Heinrich","Relatio Rerum Notabilium Regni Mogor in Asia: ex  R. P. Henrici Roht Dilingani Soc. Jesu, inde anno MDCLXIV & in Germaniam, & hinc eodem revertentis, narrationibus coram Sereniss. Duce Neoburgico habitis Neoburgi excerpta Complectitur Imperii Mogor Religionem Regionem Regimen Tum Ritus varios & inaudita de Regno Cabul Christianorum Potente Ethnicorum incognito hactenus: de Christianitatis statu in Iaponia, China: Item de Monocerote, Arca Noe, Crocodilis, Faunis, ac demum Regis Mogor eiusque Liberorum Trgoedia cruentissima",Aschaffenburgi,1665,lat,a-uo ade- n.h- qude 3 1665R,DE-7
72,3:603206Q,"Binn, Heinrich","De Statu Regionum Germaniae, Et Regimine Principum Summae Imperii Reip. Aemulo, Nec Non De Usu Et Autoritate Iuris Civilis Privati, Quam In Hac Parte Iuris Publici Obtinet, Disputatio Inauguralis",Helmestadii,1661,lat,t.n- r-i- e-um nida C 1661R,"DE-547, DE-547, DE-7, DE-7, DE-23, DE-32, DE-3, DE-3, DE-3, DE-3"
73,12:187456R,"Habbaeus, Victor","Dissertatio Academica De Statu Moderni Imperii Romano-Germanici, Eiusdemque In- Et Decrementis",Viennae Austriae,1659,lat,e-n- j.i- o-l- ce&q C 1659A,N.N.
74,1:019332A,"Bechmann, Johann Volkmar",Discursus Iuris Publici De Statu Imperii Romani,Ienae,1659,lat,s:it rius reis quit C 1659A,"DE-1a, DE-547, DE-547, DE-547, DE-547, DE-7, DE-7, DE-3, DE-3, DE-3, DE-16"
75,12:145838T,"Strauch, Johann",Discursus Iuris Publici De Germanicae Nationis In Hodierno Imperii Romani Statu Praeeminentia,Ienae,1659,lat,e.se iæi- acus muPr C 1659R,"DE-547, DE-7, DE-3, DE-3, DE-3, DE-14, DE-14"
76,14:053223H,"Frischmann, Johann","Collegium Reliquorum Imperii Deputatorum, Ad Collegium Electorale De Praesenti Statu Imperii, Imperatore Eligendo, Eligendo Scribenda Lege, Annexis Aliis",[S.l.],1658,lat,"m,s, t.s, m,a, HoBr 3 1658R","DE-1a, DE-7, DE-14, DE-15"
77,1:018834P,"Limnäus, Johannes",Tomus ... Iurispublici Imperii Romanogermanici,Argentorati,1657,lat,"t,am i,1. ausa &vra C 1657R 1","DE-1a, DE-7, DE-23, DE-23, DE-28, DE-3, DE-3, DE-3, DE-3, DE-3, DE-115, DE-14, DE-B791"
78,12:127174C,N.N.,"Repraesentatio Reipubl. Germanicae, Sive Tractatus Varii De Sacri Romano-Germanici Imperii Regimine, Variorum, Eorundemque Prae-Clarissimorum Auctorum",Noribergae,1657,lat,s.i- t&ue usa- reim 3 1657R,"DE-1a, DE-1a, DE-1a, DE-1a, DE-18, DE-547, DE-547, DE-547, DE-7, DE-23, DE-23, DE-32, DE-32, DE-3, DE-14, DE-15"
79,14:053155N,"Frischmann, Johann","Collegium Reliquorum Imperii Deputatorum, Ad Collegium Electorale De Praesenti Statu Imperii, Imperatore Eligendo, Eligendo Scribenda Lege, Annexis Aliis",[S.l.],1657,lat,"m,s, t.s, m,a, HoBr 3 1657R","DE-1a, DE-547, DE-23, DE-14"
80,12:110463W,"Frischmann, Johann","Collegium Reliquorum Imperii Deputatorum, Ad Collegium Electorale De Praesenti Statu Imperii, Imperatore Eligendo, Eligendo Scribenda Lege, Annexis aliis",[S.l.],1657,lat,"m,s, s.m, m,t, SeBe 3 1657R","DE-1a, DE-547, DE-547, DE-547, DE-7, DE-7, DE-23, DE-23, DE-35, DE-14, DE-14, DE-14, DE-14, DE-14"
81,1:021475Y,"Frischmann, Johann","Collegium Reliquorum Imperii Deputatorum Ad Collegium Electorale De Praesenti Statu Imperii, Imperatore Eligendo. Eligendo Scribenda Leg. Annexis aliis",[S.l.],1657,lat,"m,m, s)s. o.t. BaDE 3 1657R",DE-1a
82,1:019469D,"Sinold von Schütz, Justus",Collegii Publici De Statu Rei Romanae Volumen ...,Giessae Hassorum,1653,lat,n-e- liI. s.iq ruqu 3 1653R 2,"DE-1a, DE-27, DE-23"
83,12:110668V,"Crocius, Johannes","Anti-Weigelius, Id est, Theologiae, Quam Valentinus Weigelius, ex Paracelsi potissimum & veterum haereticorum lacunis haustam, variis sparsit libellis, ex sacris Literis & Antiquitate prompta confutatio","Cassellis, Cassellis",1651,lat,i-ue s.ur i-ie alve 3 1651R 2,"DE-1a, DE-547, DE-7, DE-23, DE-3, DE-3, DE-15"
84,1:018816R,"Limnäus, Johannes",Tomus Primus Iuris Publici Imperii Romano-Germanici,Argentorati,1645,lat,itam odi- ntsa &vra C 1645R 1,"DE-1a, DE-547, DE-547, DE-23, DE-B791"
85,1:018744Q,"Limnäus, Johannes",Dissertatio Apologetica De Statu Imperii Romano Germanici,Onolsbaci[i],1643,lat,t.i: s.m- 8.n. nedi C 1643R,"DE-1a, DE-8, DE-7, DE-7, DE-23, DE-23, DE-3, DE-3, DE-Em2, DE-15"
86,27:732525U,"Sinold von Schütz, Justus",Collegium Publicum De Statu Rei Romanae,Marpurgi Cattorum,1640 [erschienen] 1641,lat,æqre n-as 2.a- a)ju 3 1640R 1,DE-27
87,18:729707K,"Hagen, Karl von",Institutiones Absolutissimae Iurisprudentiae Publicae Universae,"Hamburg, Lipsiae",1641,"lat, ger",lois aced s.c- hawe 3 1641R,DE-18
88,1:019328Q,"Sinold von Schütz, Justus",Collegium Publicum De Statu Rei Romanae,Marpurgi Cattorum,1640 [erschienen] 1641,lat,æqre n-as 2.a- a)ju 3 1640R 1,DE-1a
89,1:018897A,"Hagen, Karl von",Institutiones Absolutissimae Iurisprudentiae Publicae Universae,"Hamburg, Lipsiae",1641,"lat, ger","n-to r-i, s.c- hawe 3 1641R","DE-1a, DE-18, DE-7, DE-23"
90,1:001661R,"Sinold von Schütz, Justus",Collegium Publicum De Statu Rei Romanae,Marpurgi Cattorum,1640 [erschienen] 1641,lat,æqre n-as 2.a- a)ju 3 1640R,"DE-1a, DE-547, DE-23"
91,1:018810V,"Limnäus, Johannes",Tomus ... Iuris Publici Imperii Romano-Germanici,Argentorati,1640,lat,u-n- udo- e.um noho 3 1640R 1,"DE-1a, DE-7"
92,14:017563E,N.N.,"De Statu Imp. Rom. perturbato Caesareo-Sueco. Das ist/ Weyland Gustavi Adolphi, Königs in Schweden [et]c. Wie auch Ludovici XIII. Königs in Franckreich [et]c. wider die in Gott ruhende/ und jetzo regierende Kays. Majest. Ferdinandum II. & III. so dann auch andere deß Reichs Catholische und Evangelische Chur: Fürsten unnd Stände/ vorgenommener KriegsExpedition, und deren Ursachen/ Kriegs und Friedenshandlung",Franckfurt,1640,ger,e.t- n-in olum wine 3 1640R,"DE-1a, DE-1a, DE-18, DE-547, DE-23, DE-14"
93,8:736066T,"Witzendorff, Wilhelm","Dissertatio Tertia De Hodierni Imperii Romano-Germanici Statu & in Specie De Serenissimorum Electorum Origine, Autoritate, Dignitate Et Praeeminentia",Regiomonti,1638,lat,s.s& t.o- a-m. itca C 1638A,DE-8
94,1:018776Z,"Meyer, Heinrich",Dissertatio Iuridico-Politica De Statu Mixto Sacr. Rom. German. Imperii,Basileae,1637,lat,"s,sp seci i&t, ripa C 1637R",DE-1a
95,23:236766V,"Sotelo, Luis",Fr. Ludovici Soteli Minoritae Regii ad Apostolicam sedem Legati & Regni Oxensis Apostolici ac designati Martyris Ad Urbanum VIII. Pont. Max. De Ecclesiae Iaponicae statu Relatio,[S.l.],1634,lat,eaæ- m-e? s.u- sugr 3 1634R,"DE-1a, DE-1a, DE-547, DE-547, DE-547, DE-7, DE-23, DE-14, DE-16"
96,12:135271E,"Grosse, Henning","Disquisitio Politico-Iuridica. De Translatione Imperii Rom. a Graecis ad Germanos, Moderno Imperii statu, & eius iurisdictione",Wittebergae,1631,lat,o-es ui3. t.i- soli C 1631R,"DE-7, DE-23, DE-3, DE-3"
97,125:004367H,"Rudel, Elias","Meditatio annua. 1630. anni incipientis In qua de solis revolutione, temporis statu & mutatione una cum gratulatione Pacis futurae, ad ... Johannem-Georgium, Ducem Saxon. Juliae, Cliviae ac Montium, S. R. Imperii, Archimarschallum ac Electorem, Landgravium Thuring: Marchion: Misn. Burggravium Magdeburgensem, Comitem in Marca & Ravensburg, Dominum in Ravenstein",Dresdae,1630,"lat, ger",t.am X.g. Æ.m. usi- C 1630R,DE-125
98,1:018720W,"Limnäus, Johannes",Tomus ... Iuris Publici Imperii Romano-Germanici,Argentorati,1629,lat,u-us X.p. ame. diIm 3 1629R 1,"DE-1a, DE-1a, DE-7, DE-23, DE-3, DE-3, DE-14, DE-15, DE-B791"
99,32:667375V,"Lundorp, Michael Caspar","Laurea Austriaca, Hoc Est, Commentariorum De Statu Reipublicae Nostri Temporis, Sive De Bello Germanico eiusq[ue] causis, inter Divum Matthiam, & ... Ferdinandum II. Romm. Impp. nec non Fridericum V. Palatinum, aliosque cum Imperii tum exteros Reges Principesque, gloriose vincente Aquila Caesare, gesto Libri XII","Francofurti, Francofurti",1627,lat,s*iæ e-a- s-t. EtAV 3 1627R,DE-32
100,23:230978B,"Lundorp, Michael Caspar","Laurea Austriaca, Hoc Est, Commentariorum De Statu Reipublicae Nostri Temporis, Sive De Bello Germanico eiusq[ue] causis, inter Divum Matthiam, & ... Ferdinandum II. Romm. Impp. nec non Fridericum V. Palatinum, aliosque cum Imperii tum exteros Reges Principesque, gloriose vincente Aquila Caesare, gesto Libri XII","Francofurti, Francofurti",1627,lat,s*iæ e-a- s-t. caue 3 1627R,"DE-23, DE-14"
101,12:195674U,"Lundorp, Michael Caspar","Laurea Austriaca, Hoc Est, Commentariorum De Statu Reipublicae Nostri Temporis, Sive De Bello Germanico eiusq[ue] causis, inter Divum Matthiam, & ... Ferdinandum II. Romm. Impp. nec non Fridericum V. Palatinum, aliosque cum Imperii tum exteros Reges Principesque, gloriose vincente Aquila Caesare, gesto Libri XII","Francofurti, Francofurti",1627,lat,i-am e-a- s-t. caue 3 1627R,N.N.
102,23:238444K,"Lundorp, Michael Caspar",Bellum Sexennale-Civile-Germanicum Sive: Annalium Et Commentariorum Historicorum Nostri Temporis De Statu Religionis Et Reipublicae Libri II.,Francofurti,1622,lat,a:uo e-s& amn- bovi 3 1622R,"DE-547, DE-23, DE-3, DE-14, DE-15"
103,12:144215V,"Kremberg, Christian",Dissertatio Iuridico-Politica De Praesenti Romano-Germanici Imperii Statu Monarchico,Wittebergae,1622,lat,"s,a& s.es i-iæ mase C 1622R",DE-14
104,23:309039R,"Kremberg, Christian",Dissertatio Iuridico-Politica De Praesenti Romano-Germanici Imperii Statu Monarchico,Wittebergae,1622,lat,"s,a& s.es i-iæ mase C 1622R",DE-23
105,1:018115V,N.N.,"Nucleus, Discursuum Seu Disputationum Hactenus In Iure Publico editarum",Giessae Hessorum,1621,lat,ess- n-.& r.o- cost 3 1621R,"DE-1a, DE-7, DE-23, DE-23, DE-3"
106,1:009560N,"Maul, Thomas","Tractatus De Iure Conducendi, Quod Simpliciter, das Geleyd/ Appellamus, ex Sacri Romani Imperii constitutionibus, hodierno Reipubl. Romanae Statu, & Doctorum iuris doctrinis & responsis accurate pertractatus",Gissae Hassorum,1621,lat,o-e- G.a. s.0. 2.ri 3 1621R,"DE-1a, DE-547, DE-547, DE-547, DE-7, DE-23, DE-32, DE-3, DE-3, DE-3, DE-3, DE-15, DE-31"
107,12:203100E,N.N.,"S. Imperii Romani Ius Publicum, Hoc Est De Romani Imperatoris Electione, Vicaria Imperii Administratione, Principum Electorum sessione, successione, tutela, privilegiis, &c. De S. Caesareae Maiestatis, Camerae, Potentissimorum Imperii principum & Ordinum, aliorumque Magistratuum Iurisdictione. De Constitutionibus Imp. Praecipuis. De Contributionibus Imp. Modernis. Omnibus materiis, in Theoria, in praxi, in statu quovis, seculo nostro frequentissimis. Dissertationes Historico-Iuridico-Politicae",Francofurti,1620,lat,edon 2.4. o-o- ria) 3 1620R,"DE-547, DE-7, DE-28, DE-15"
108,3:006540M,"Tonsor, Johann Heinrich",Disputatio Politica Prima De Statu Hodierno Imperii Romani,Giessae,1618,lat,i.ea e-i- o-is Veno C 1618R,"DE-1a, DE-7, DE-23, DE-3, DE-15"
109,12:191247H,"König, Reinhard","Collegii Politici Disputatio Quarta, De Statu Imperii Romani, Et Imperatore: Eiusq[ue] Electione Et Coronatione",Ienae,1617,lat,"e,e, dai. t.us FIPo C 1617R",N.N.
110,3:622688F,"Bellenden, William","Ciceronis Princeps, Rationes, Et Consilia Bene Gerendi, firmandique imperii","Lipsiae, Lipsiae",1615,lat,r-es n-o- umis inco 3 1615R,"DE-547, DE-23, DE-3"
111,23:305896H,"Wolff von Todtenwarth, Johann Ulrich",Bigae Iuridico-Politico Disputatio ...,Rostochii,1615,lat,assa q.d. e.ic 14Re C 1615R 5,"DE-23, DE-3"
112,3:614467E,"Wehner, Paul Matthias",Consiliorum Franconicorum Decades XI.,Francofurti,1615,"ger, lat","V.N. es29 emn, ExHa 3 1615R","DE-1a, DE-18, DE-547, DE-547, DE-7, DE-23, DE-32, DE-28, DE-3, DE-Em2, DE-14, DE-15, DE-B791"
113,1:042957P,"Rosbach, Johann Emerich von","Joannis Emerici a Rosbach, IC. De Iurisdictione, Privilegiis, Officio Et Eminentia Imperatoris, Camerae Imperialis, Electorum & aliorum Statuum & civitatum Imperii, ut & Iuris Romani & Constitutionum Principum origine, progressu & praesentis Reip. Germaniae statu ac forma Tractatus Uberrimus",Francofurti,1615,lat,ams: *san ust. tinu 3 1615R,"DE-1a, DE-14"
114,12:203338W,"Hensler, Johann",Collegii Politico Iuridici Disputatio Septima De Statu Polyarchico Ac Formis Mixtis,Rostochi[i],1614,lat,n-i- m.g. o-2. 117. C 1614R,N.N.
115,39:150077Z,N.N.,"S. Imperii Romani Ius Publicum, Hoc Est, De Romani Imperatoris Electione, Vicaria Imperii administratione, Principum Electorum sessione, successione, tutela, privilegiis, &c. De S. Caesareae Maiestatis, Camerae, Potentissimorum Imperii Principum & ordinum, aliorumque Magistratuum Iurisdictione. De Constitutionibus Imp. Praecipuis. De Contributionibus Imp. Modernis. Omnibus materiis, in Theoria, in praxi, in statu quovis, seculo nostro frequentissimis Dissertationes Historico-Iuridico-Politicae","Hanoviae, Hanoviae",1614,lat,i-ei 2..& o-o- ria) 3 1614R,"DE-547, DE-32, DE-15, DE-B791"
116,1:008101E,N.N.,"S. Imperii Romani Ius Publicum, Hoc Est, De Romani Imperatoris Electione, Vicaria Imperii Administratione, Principum Electorum sessione, successione, tutela, privilegiis, &c. De S. Caesareae Maiestatis, Camerae, Potentissimorum Imperii principum & Ordinum, aliorumque Magistratuum Iurisdictione. De Constitutionibus Imp. Praecipuis. De Contributionibus Imp. Modernis. Omnibus materiis, in Theoria, in praxi, in statu quovis, seculo nostro frequentissimis. Dissertationes Historico-Iuridico-Politicae","Hanoviae, Hanoviae",1614,lat,A-um 2..& o-o- ria) 3 1614R 1,"DE-1a, DE-1a, DE-547, DE-7, DE-23, DE-3"
117,1:008100X,N.N.,"S. Imperii Romani Ius Publicum, Hoc Est, De Romani Imperatoris Electione, Vicaria Imperii Administratione, Principum Electorum sessione, successione, tutela, privilegiis, &c. De S. Caesareae Maiestatis, Camerae, Potentissimorum Imperii principum & Ordinum, aliorumque Magistratuum Iurisdictione. De Constitutionibus Imp. Praecipuis. De Contributionibus Imp. Modernis. Omnibus materiis, in Theoria, in praxi, in statu quovis, seculo nostro frequentissimis. Dissertationes Historico-Iuridico-Politicae","Hanoviae, Hanoviae, Francofurti",1614-1615,lat,N.N.,"DE-1a, DE-547, DE-547, DE-7, DE-23, DE-3, DE-16"
118,12:144205P,"Gryphiander, Johannes",Disputatio Historico-Politico-Iuridica De Statu Imperii Romano Germanici antiquo-moderno,Ienae,1612,lat,"iss, n-et o-i. FIsa C 1612R","DE-7, DE-14"
119,23:317402K,"Titius, Martin","Exercitationum Politicarum Quinta. De Statu Hodierno Imperii Romani, Et Origine VII. Electorum",Wittebergae,1612,lat,s.ma nise m&n- maLX C 1612R,DE-23
120,3614:740748L,N.N.,"Tvrca Nikētos: Hoc est; De Imperio Ottomannico Evertendo, Et Bello Contra Tvrcas Prospere gerendo",Francofurti,MDX.,lat,"a-e- uss, a-um rico 3 1601R",N.N.
121,12:180266F,"Martini, Georg","Contraria Non Contraria. Id est, Conciliationes Omnium Antinomiarum, Quae In Institutionibus Imperialibus Occurrunt",Marpurgi Cattorum,1609,lat,roa& s.es m.is tequ 3 1609R,"DE-27, DE-7, DE-23, DE-Em2"
122,23:000278F,"Anton, Gottfried","Disputatio Apologetica, De Potestate Imperatoris Legibus Soluta, Et Hodierno Imperii Statu",Giessae Hassorum,1608,lat,rae- sea- e-i? sihe C 1608R,"DE-1a, DE-7, DE-23, DE-23, DE-23, DE-23, DE-23, DE-3, DE-16"
123,12:154699C,"Anton, Gottfried","Disputatio Apologetica, De Potestate Imperatoris Legibus Soluta, Et Hodierno Imperii Statu",Giessae Hessorum,1608,lat,ame- sea- e-i? sihæ C 1608R,"DE-547, DE-7, DE-3"
124,3:322555B,"Martini, Georg","Contraria Non Contraria. Id est, Conciliationes Omnium Antinomiarum, Quae In Institutionibus Imperialibus occurrunt",Marpurgi Cattorum,1608,lat,uæi- tee- m.is tequ 3 1608R,DE-3
125,3:302023H,"Freccia, Henricus de","Henrici Autoris de Freccia ex Burgundia inferiore oriundi Discursus De statu S.P.Q. Brunovicensis rebellis & proscriptione hostis Imperii iudicati, ut maturate properet executio",[S.l.],1608,lat,"i-o- æ-i- sei- o&t, C 1608R","DE-23, DE-23, DE-23, DE-3, DE-3, DE-3, DE-35, DE-35, DE-21, DE-14"
126,23:234780D,"König, Reinhard",Disputatio Politica Gemina: Prior De Statu Imperii Romani. Altera De Origine Electorum,Giessae Hassorum,1608,lat,0.m. n.ud odo. buci C 1608R,"DE-547, DE-7, DE-23, DE-23, DE-3"
127,23:316049N,"Sixtinus, Regnerus",Tractatus De Regalibus,"Francoforti, Francoforti",1606,lat,"m,b. e-te die- gaIt 3 1606R","DE-547, DE-23, DE-23"
128,1:020861D,"Sixtinus, Regnerus",Tractatus De Regalibus,"[Frankfurt, Main], Mulhusii",1602,lat,m.n- e-n- i-nt Sc7. 3 1602R,"DE-1a, DE-1a, DE-1a, DE-547, DE-547, DE-23, DE-32, DE-3, DE-3, DE-14, DE-B791"
